{
  "_args": [
    [
      "vue-element-extends@1.0.5",
      "C:\\Users\\shawn\\Desktop\\ERP"
    ]
  ],
  "_from": "vue-element-extends@1.0.5",
  "_id": "vue-element-extends@1.0.5",
  "_inBundle": false,
  "_integrity": "sha1-RGITiNEkiVM0sonHSgJXY8d0CTA=",
  "_location": "/vue-element-extends",
  "_phantomChildren": {
    "async-validator": "1.8.5",
    "babel-helper-vue-jsx-merge-props": "2.0.3",
    "deepmerge": "1.5.2",
    "normalize-wheel": "1.0.1",
    "resize-observer-polyfill": "1.5.1",
    "throttle-debounce": "1.1.0"
  },
  "_requested": {
    "type": "version",
    "registry": true,
    "raw": "vue-element-extends@1.0.5",
    "name": "vue-element-extends",
    "escapedName": "vue-element-extends",
    "rawSpec": "1.0.5",
    "saveSpec": null,
    "fetchSpec": "1.0.5"
  },
  "_requiredBy": [
    "/"
  ],
  "_resolved": "http://registry.npm.taobao.org/vue-element-extends/download/vue-element-extends-1.0.5.tgz",
  "_spec": "1.0.5",
  "_where": "C:\\Users\\shawn\\Desktop\\ERP",
  "author": {
    "name": "Xu Liangzhan",
    "email": "xu_liangzhan@163.com"
  },
  "bugs": {
    "url": "https://github.com/xuliangzhan/vue-element-extends/issues"
  },
  "dependencies": {
    "element-ui": "^2.6.1",
    "vue": "^2.5.22",
    "xe-utils": "^1.8.10"
  },
  "description": "Extension component based on ElementUI 2.x",
  "devDependencies": {
    "@vue/cli-plugin-babel": "^3.4.0",
    "@vue/cli-plugin-eslint": "^3.4.0",
    "@vue/cli-service": "^3.4.0",
    "babel-eslint": "^10.0.1",
    "eslint": "^5.8.0",
    "eslint-config-standard": "^12.0.0",
    "eslint-friendly-formatter": "^4.0.1",
    "eslint-loader": "^2.1.2",
    "eslint-plugin-import": "^2.16.0",
    "eslint-plugin-node": "^8.0.1",
    "eslint-plugin-promise": "^4.0.1",
    "eslint-plugin-standard": "^4.0.0",
    "eslint-plugin-vue": "^5.0.0",
    "font-awesome": "^4.7.0",
    "iview": "^3.3.0",
    "sortablejs": "^1.8.4",
    "vue-cli-plugin-element": "^1.0.1",
    "vue-router": "^3.0.1",
    "vue-template-compiler": "^2.5.22",
    "xe-ajax": "^3.5.3",
    "xe-ajax-mock": "^1.7.9"
  },
  "files": [
    "lib",
    "packages",
    "style"
  ],
  "homepage": "https://github.com/xuliangzhan/vue-element-extends#readme",
  "jsdelivr": "lib/index.umd.js",
  "keywords": [
    "vue-element-extends"
  ],
  "license": "MIT",
  "main": "lib/index.common.js",
  "name": "vue-element-extends",
  "repository": {
    "type": "git",
    "url": "git+https://github.com/xuliangzhan/vue-element-extends.git"
  },
  "scripts": {
    "build": "vue-cli-service build",
    "lib": "vue-cli-service build --target lib --name index --dest lib packages/index.js",
    "lint": "vue-cli-service lint",
    "serve": "vue-cli-service serve"
  },
  "style": "lib/index.css",
  "unpkg": "lib/index.umd.js",
  "version": "1.0.5"
}
